id,text,parent_id,is_reply,score,reply_count,created_at,author_id,source
c1001,前排打卡哈哈哈,,否,842,3,2026-08-01 09:00:00,u017,demo
c1002,这个工具确实解决了我最大的痛点。之前要写两百行 shell 脚本才能做的事情，现在一条命令就完了，而且可读性好太多,,否,615,12,2026-08-01 09:04:00,u023,demo
c1003,我用了三个月，最不满的是错误提示太模糊。报错只给一个错误码，必须翻文档才知道是什么意思，这个体验在排查线上问题时特别致命,,否,233,8,2026-08-01 09:11:00,u041,demo
c1004,楼上的问题其实文档里写得很清楚，只是你得知道去哪一页找。我觉得这属于学习成本而不是设计缺陷,c1003,是,45,2,2026-08-01 09:20:00,u052,demo
c1005,这个报错码确实是个问题。我团队里三个人都卡过同一个坑，最后是去翻源码才找到原因。建议至少把常见错误码直接印在输出里,c1003,是,38,1,2026-08-01 09:26:00,u019,demo
c1006,说实话这个工具的概念还是太多了。新手要先理解三个抽象概念才能跑起来第一条命令，这个门槛对非专业用户是劝退级别的。我做技术选型的时候宁愿选一个功能少但五分钟能上手的方案，因为团队里不是每个人都有耐心读完整本手册。功能强和专业门槛高其实是两件事，很多人把这两件事混在一起讨论，最后谁也说服不了谁，因为大家衡量的标准根本不一样,,否,7,0,2026-08-01 09:33:00,u008,demo
c1007,加微信代做各类脚本，价格优惠，需要的私聊我,,否,0,0,2026-08-01 09:40:00,u901,demo
c1008,哈,,否,1,0,2026-08-01 09:41:00,u902,demo
c1009,认真读完整个 readme 再来说话，不要拿自己不会用当成工具设计的问题,c1006,是,120,4,2026-08-01 09:45:00,u033,demo
c1010,我不同意上面的说法。门槛高不等于设计差，很多专业工具的复杂度是被真实需求逼出来的。把复杂度藏起来只是推给用户更晚发现，而不是真的消失了。这个问题上我更认同保留概念完整性,c1006,是,58,3,2026-08-01 09:52:00,u061,demo
c1011,实际做迁移的时候才发现最难的不是命令本身，而是生态。周边配套的库、CI 的适配、团队里其他人的接受度，这些成本远超学习几个新概念。所以我现在的判断是单看工具本身它确实优秀，但迁移决策不能只看工具。我们内部最后是按三年总成本算的账，把学习成本和生态改造成本都折算进去之后，结论和只看功能表完全相反,,否,6,0,2026-08-01 10:05:00,u044,demo
c1012,我们公司去年做过一次评估，最后放弃了。原因是维护者只有一个人，而且过去的 issue 响应周期平均在三周以上。对于要进生产链的工具来说，这个可持续性风险不可接受。工具本身质量没问题，但选型要看的是未来三年的维护能力而不是当下的功能表。个人项目做得很好的例子很多，但它们大多死在没有第二个维护者这件事上，而不是死于技术,,否,4,0,2026-08-01 10:20:00,u077,demo
c1013,只有我觉得它启动速度比同类慢很多吗,,否,88,6,2026-08-01 10:31:00,u025,demo
c1014,启动速度这事我测过，冷启动确实慢八百毫秒左右，但常驻之后就没差别了。看你的使用模式，如果是频繁调用那确实难受,c1013,是,72,2,2026-08-01 10:38:00,u034,demo
c1015,一个没人提的点是它的配置文件格式和主流的不兼容。这意味你没法复用手头已有的配置，所有东西都要重写一遍。这种细节往往才是真正决定团队采不采纳的原因，因为它不会被写进任何评估报告的对比表里，却会在真正落地时消耗掉你两周时间,,否,5,0,2026-08-01 10:45:00,u058,demo
c1016,支持一下，希望作者能坚持下去,,否,310,1,2026-08-01 11:00:00,u011,demo
c1017,分享一个我的实践。我们是把它包了一层内部封装再给业务方使用的，把那些复杂概念收敛成三个最常用的场景，结果接受度从三成涨到八成。所以概念多本身不是问题，问题是没有给不同层级的用户提供不同的入口。专业用户需要完整的抽象能力，而业务方只需要三条能跑通的路径，这两类需求放在同一个文档里必然互相拖累,,否,3,0,2026-08-01 11:15:00,u070,demo
c1018,这个思路很实用，我们也打算这么做。请问你们封装之后是怎么处理版本升级的，上游一改语法我们就要跟着改一层,c1017,是,26,3,2026-08-01 11:22:00,u029,demo
c1019,迁移成本这个说法我持保留意见。任何工具迁移都有成本，如果只比较迁移成本那什么都别换了。关键是收益能不能覆盖成本，以及成本是一次性的还是持续的,c1011,是,19,1,2026-08-01 11:30:00,u050,demo
c1020,看完评论区发现一个现象：说它不好用的大部分在讲学习成本，说它好的大部分在讲功能强。这两拨人其实在回答两个不同的问题，压根没在同一个频道上对话。所以这场争论大概率不会有结论，除非有人先把问题界定清楚——到底是问值不值得学，还是问值不值得换，这两个问题的答案可以完全相反,,否,2,0,2026-08-01 11:45:00,u083,demo
c1021,求教程链接,,否,6,2,2026-08-01 12:00:00,u015,demo
c1022,教程在这里，官方的中文文档质量比英文差一些，建议直接看英文的 https://example.invalid/docs,c1021,是,41,0,2026-08-01 12:07:00,u037,demo
c1023,三个月前从别的工具迁过来的，说一下真实感受。前期确实痛苦，前两周效率是下降的。但第三周开始反超，现在是原来的两倍效率。所以如果只是短期项目不建议迁，长期项目值得。不过我要补充一点，这个反超成立的前提是团队规模足够小，人多了之后协调成本会把收益吃掉一部分，我们五个人的时候效果最好，扩到二十人之后就没那么明显了,,否,9,0,2026-08-01 12:20:00,u046,demo
c1024,关键是这东西解决了之前没办法解决的问题，不是把旧问题解决得更快，而是让某些以前做不到的事情变得可能。这个区别很重要,,否,4,0,2026-08-01 12:35:00,u092,demo
c1025,楼上说维护者风险的那位，我查了一下最近半年的提交频率，其实是比前两年更活跃的。建议不要只看历史印象,c1012,是,33,2,2026-08-01 12:50:00,u066,demo
c1026,https://spam.invalid/promo,,否,0,0,2026-08-01 13:00:00,u903,demo
